ID,Nombre,Buscar_en_Google,Rubro,Zona,Ciudad
1,STEGE – TUSEQUIS LTDA.,"STEGE – TUSEQUIS LTDA., Oficina adm.: Av. Roma N° 6815, Obrajes (Planta: Carr. Oruro Km 18, Senkata), Obrajes (of.) / Senkata, El Alto, Bolivia",Embutidos y Fiambres,Obrajes (of.) / Senkata,El Alto
2,EMBUTIDOS MANWIL TICONA SRL,"EMBUTIDOS MANWIL TICONA SRL, Planta: Villa Adela / Río Seco, El Alto (sin oficina separada publicada), Villa Dolores, El Alto, Bolivia",Embutidos y Fiambres,Villa Dolores,El Alto
3,FÁBRICA DE EMBUTIDOS OSFIM SRL,"FÁBRICA DE EMBUTIDOS OSFIM SRL, Av. Gral. Benigno Loza N° 268, Villa Fátima, La Paz, Bolivia",Embutidos y Fiambres,Villa Fátima,La Paz
4,EMBUTIDOS LA ESPAÑOLA,"EMBUTIDOS LA ESPAÑOLA, Goizueta N° 558, Zona Norte, La Paz, Bolivia",Embutidos y Fiambres,Zona Norte,La Paz
5,AVÍCOLA SOFÍA LTDA.,"AVÍCOLA SOFÍA LTDA., Oficina La Paz: Av. 15 de Abril N° 177 esq. Yolosa (CD: Senkata, El Alto), La Paz (of.) / Senkata, El Alto, Bolivia",Avícola / Alimentos procesados,La Paz (of.) / Senkata,El Alto
6,SOCIEDAD INDUSTRIAL Y COMERCIAL LA FRANCESA – SICLAF SA,"SOCIEDAD INDUSTRIAL Y COMERCIAL LA FRANCESA – SICLAF SA, Oficina central: Av. Estados Unidos N° 1161, Miraflores, Miraflores, La Paz, Bolivia",Panificadora Industrial,Miraflores,La Paz
7,FÁBRICA LA ESTRELLA SRL,"FÁBRICA LA ESTRELLA SRL, Planta: Carr. a Oruro Km 7, Rosas Pampa N° 50, El Alto (sin oficina separada), Rosas Pampa, La Paz, Bolivia",Snacks y Fideos,Rosas Pampa,La Paz
8,INDUSTRIAS ALIMENTICIAS FAGAL SRL – MABEL'S,"INDUSTRIAS ALIMENTICIAS FAGAL SRL – MABEL'S, Av. Diego de Ocaña N° 51 esq. Av. Del Policía, Sur, La Paz, Bolivia",Galletas,Sur,La Paz
9,PIL ANDINA S.A.,"PIL ANDINA S.A., Planta El Alto: Av. Juan Pablo II Km 15 (of. nacional en Cochabamba), Miraflores, La Paz, Bolivia",Lácteos y Alimentos Procesados,Miraflores,La Paz
10,SOALPRO SRL,"SOALPRO SRL, Av. Jaime Mendoza N° 1574, Ciudad Satélite, El Alto, Bolivia",Lácteos Procesados,Ciudad Satélite,El Alto
11,COMPAÑÍA DE ALIMENTOS LTDA. DELIZIA,"COMPAÑÍA DE ALIMENTOS LTDA. DELIZIA, Oficina central: Av. Mario Mercado, calle E N° 100, El Rosal, Bajo Seguencoma (Planta: Carr. Viacha Km 7), Bajo Seguencoma (of.), El Alto, Bolivia",Lácteos,Bajo Seguencoma (of.),El Alto
12,INDUSTRIA DE ALIMENTOS INAL LTDA.,"INDUSTRIA DE ALIMENTOS INAL LTDA., Ciudad Satélite, Ciudad Satélite, El Alto, Bolivia",Lácteos,Ciudad Satélite,El Alto
13,PAN CRIS SRL,"PAN CRIS SRL, c. 103 N° 50, Ciudad Satélite, El Alto, Bolivia",Panificadora,Ciudad Satélite,El Alto
14,CHOCOLATES EL CEIBO,"CHOCOLATES EL CEIBO, Av. Juan Pablo II N° 2560, Ciudad Satélite, El Alto, Bolivia",Chocolates / Cacao,Ciudad Satélite,El Alto
15,CUBO CÁRNICOS UNIDOS BOLIVIANOS SRL,"CUBO CÁRNICOS UNIDOS BOLIVIANOS SRL, La Paz, Centro, La Paz, Bolivia",Embutidos,Centro,La Paz
16,PRODUCTOS DE CALIDAD EMBUTIDOS BG SRL – BON GUSTO,"PRODUCTOS DE CALIDAD EMBUTIDOS BG SRL – BON GUSTO, La Paz, La Paz, Bolivia",Embutidos,La Paz,La Paz
17,EMCABOL LTDA. – SUMITA,"EMCABOL LTDA. – SUMITA, La Paz, La Paz, Bolivia",Embutidos,La Paz,La Paz
18,INDUSTRIAS DE ALIMENTOS CHUQUIFER SRL,"INDUSTRIAS DE ALIMENTOS CHUQUIFER SRL, La Paz, La Paz, Bolivia",Embutidos,La Paz,La Paz
19,INDUSTRIA DE ALIMENTOS ALDETAN SRL,"INDUSTRIA DE ALIMENTOS ALDETAN SRL, La Paz, La Paz, Bolivia",Embutidos,La Paz,La Paz
20,SOCIEDAD ALIMENTOS PROCESADOS SANTIAGO SRL,"SOCIEDAD ALIMENTOS PROCESADOS SANTIAGO SRL, Av. Jaime Mendoza N° 1574, Ciudad Satélite, El Alto, Bolivia",Panificadora/Alimentos,Ciudad Satélite,El Alto
21,TITOS PRODUCTOS NATURALES SRL,"TITOS PRODUCTOS NATURALES SRL, Av. Cecilio Acosta N° 2000, Villa Adela, El Alto, Bolivia",Cereales y Productos Naturales,Villa Adela,El Alto
22,COMPAÑÍA MOLINERA BOLIVIANA SA,"COMPAÑÍA MOLINERA BOLIVIANA SA, La Paz, La Paz, Bolivia",Molinera / Harinas,La Paz,La Paz
23,MOLINO ANDINO SA,"MOLINO ANDINO SA, Oficina: Calle México N° 1554, Edif. Chuquiago P.1, San Pedro, San Pedro, La Paz, Bolivia",Molinera / Harinas,San Pedro,La Paz
24,EMBUTIDOS LA NORTEÑA – ASPI VDA. DE TICONA,"EMBUTIDOS LA NORTEÑA – ASPI VDA. DE TICONA, El Alto, El Alto, Bolivia",Embutidos,El Alto,El Alto
25,EMBUTIDOS COPACABANA – PIZARRO SIÑANI ANTONIO,"EMBUTIDOS COPACABANA – PIZARRO SIÑANI ANTONIO, La Paz, La Paz, Bolivia",Embutidos,La Paz,La Paz
26,EMBUTIDOS LOS ANDES – ZENON CONDE MOLLO,"EMBUTIDOS LOS ANDES – ZENON CONDE MOLLO, La Paz, La Paz, Bolivia",Embutidos,La Paz,La Paz
27,LABORATORIOS VALENCIA,"LABORATORIOS VALENCIA, c. Gil Tapia Rada C-5, Obrajes, La Paz, Bolivia",Productos Naturales y Alimenticios,Obrajes,La Paz
28,ABEFLOR – MIEL Y PRODUCTOS APÍCOLAS,"ABEFLOR – MIEL Y PRODUCTOS APÍCOLAS, La Paz, La Paz, Bolivia",Alimentos Naturales,La Paz,La Paz
29,POLLOS COPACABANA SA,"POLLOS COPACABANA SA, Oficina central: Calle Daniel Salamanca N° 308, Pura Pura, Pura Pura, La Paz, Bolivia",Cadena de Restaurantes – Pollos,Pura Pura,La Paz
30,BURGER KING BOLIVIA,"BURGER KING BOLIVIA, Av. Ballivián y C. 19 (principal), Calacoto, La Paz, Bolivia",Cadena de Comida Rápida – Hamburguesas,Calacoto,La Paz
33,HAMBURGUESAS TOBY,"HAMBURGUESAS TOBY, Megacenter La Paz / La Jungla Plaza Camacho, Zona Sur / Centro, La Paz, Bolivia",Cadena de Hamburguesas,Zona Sur / Centro,La Paz
34,DUMBO – HELADERÍA Y RESTAURANTE,"DUMBO – HELADERÍA Y RESTAURANTE, Central: Av. 16 de Julio N° 1543, El Prado (suc. Zona Sur: c. Montenegro esq. Pancara N° 842), Centro / San Miguel, La Paz, Bolivia",Cadena de Heladerías y Cafeterías,Centro / San Miguel,La Paz
35,HARD ROCK CAFE LA PAZ,"HARD ROCK CAFE LA PAZ, Calle 15 entre Sánchez Bustamante y Julio Patiño, Bl. El Bosque, Calacoto, La Paz, Bolivia",Restaurante Internacional – Cadena,Calacoto,La Paz
38,DON POLLO,"DON POLLO, Av. García Lanza, C. 11 N° 99 (Achumani), Achumani / Miraflores / Sopocachi / El Alto, La Paz, Bolivia",Cadena de Restaurantes – Pollos,Achumani / Miraflores / Sopocachi / El Alto,La Paz
39,FACTORY GRILL & BAR,"FACTORY GRILL & BAR, Megacenter La Paz, Calacoto, La Paz, Bolivia",Restaurante de Parrillas – Cadena,Calacoto,La Paz
40,POLLOS CHRISS BOLIVIA,"POLLOS CHRISS BOLIVIA, Múltiples sucursales, Zona Sur y El Alto, La Paz, Bolivia",Cadena de Restaurantes – Pollos,Zona Sur y El Alto,La Paz
41,LA JUNGLA PLAZA DE COMIDAS,"LA JUNGLA PLAZA DE COMIDAS, Av. Camacho esq. Bueno, Centro, La Paz, Bolivia",Patio de Comidas / Gestión Central,Centro,La Paz
42,MEGACENTER LA PAZ – FOOD COURT,"MEGACENTER LA PAZ – FOOD COURT, Calle 15 de Calacoto, Calacoto, La Paz, Bolivia",Patio de Comidas / Centro Comercial,Calacoto,La Paz
43,POLLOS EL NIETO – LA PAZ,"POLLOS EL NIETO – LA PAZ, La Paz, Zona Sur, La Paz, Bolivia",Cadena de Pollos,Zona Sur,La Paz
44,CHINGOS CASUAL CUISINE,"CHINGOS CASUAL CUISINE, Av. Ballivián N° 969, Calacoto, La Paz, Bolivia",Restaurante con Catering,Calacoto,La Paz
45,POCHO EL POLLO,"POCHO EL POLLO, La Paz y El Alto, Múltiples zonas, La Paz, Bolivia",Cadena de Pollos,Múltiples zonas,La Paz
46,300 WINGS,"300 WINGS, La Paz, La Paz, Bolivia",Cadena – Alitas y Pollo,La Paz,La Paz
47,BURGUER 91,"BURGUER 91, La Paz, La Paz, Bolivia",Cadena de Hamburguesas,La Paz,La Paz
48,ELI'S PIZZA,"ELI'S PIZZA, La Paz, La Paz, Bolivia",Cadena de Pizzerías,La Paz,La Paz
49,CIRCUS PIZZERÍA,"CIRCUS PIZZERÍA, La Paz, La Paz, Bolivia",Pizzería – Cadena,La Paz,La Paz
50,ALMACÉN DE PIZZAS,"ALMACÉN DE PIZZAS, La Paz, La Paz, Bolivia",Pizzería – Cadena,La Paz,La Paz
51,COCINARTE CATERING & EVENTOS,"COCINARTE CATERING & EVENTOS, La Paz, Miraflores, La Paz, Bolivia",Catering Corporativo y Eventos,Miraflores,La Paz
52,LA PAZ CATERING SERVICE SRL,"LA PAZ CATERING SERVICE SRL, La Paz, La Paz, Bolivia",Catering Corporativo,La Paz,La Paz
53,EMPRESA DE EVENTOS G & M,"EMPRESA DE EVENTOS G & M, Av. Montes, frente al Colegio Brasil, Centro, La Paz, Bolivia",Catering y Eventos,Centro,La Paz
54,RIMINI CAFÉ – CATERING,"RIMINI CAFÉ – CATERING, Calle Cuba casi Villa Lobos N° 1975, Miraflores, La Paz, Bolivia",Catering y Pastelería,Miraflores,La Paz
55,PASIÓN CRIOLLA – HOTEL PANAMERICANO,"PASIÓN CRIOLLA – HOTEL PANAMERICANO, Prado, Edificio 16 de Julio – Hotel Panamericano, El Prado, La Paz, Bolivia",Catering y Restaurante,El Prado,La Paz
56,CATERING & SERVICIOS K-TSER SRL,"CATERING & SERVICIOS K-TSER SRL, La Paz, La Paz, Bolivia",Catering Institucional,La Paz,La Paz
57,CAFÉ BAREZZO – REPOSTERÍA FRANCESA,"CAFÉ BAREZZO – REPOSTERÍA FRANCESA, Av. Saavedra N° 2088 esq. Nicaragua, Miraflores, La Paz, Bolivia",Catering y Repostería,Miraflores,La Paz
58,HALLWRIGHT'S – BAR Y RESTAURANTE,"HALLWRIGHT'S – BAR Y RESTAURANTE, Av. Sánchez Lima N° 2235, Sopocachi, La Paz, Bolivia",Catering y Eventos,Sopocachi,La Paz
59,SERVICIOS DE CATERING INSTITUCIONAL EDUCATIVO,"SERVICIOS DE CATERING INSTITUCIONAL EDUCATIVO, La Paz, La Paz, Bolivia",Catering Educativo,La Paz,La Paz
60,LA JUNGLA EVENTS CATERING,"LA JUNGLA EVENTS CATERING, La Paz, Centro, La Paz, Bolivia",Catering Corporativo,Centro,La Paz
61,RIV-EVENTS CATERING,"RIV-EVENTS CATERING, La Paz, La Paz, Bolivia",Catering Corporativo,La Paz,La Paz
62,API HAPPY CATERING,"API HAPPY CATERING, Av. Garcia Lanza esq. C. 10, Achumani / Obrajes, La Paz, Bolivia",Catering y Gastronomía Andina,Achumani / Obrajes,La Paz
63,TOMATE CAFÉ – CATERING VEGANO,"TOMATE CAFÉ – CATERING VEGANO, c. Ayacucho N° 376, Centro, La Paz, Bolivia",Catering Especial,Centro,La Paz
64,SERVICIOS ALIMENTACIÓN HOSPITARIA SRL,"SERVICIOS ALIMENTACIÓN HOSPITARIA SRL, La Paz, La Paz, Bolivia",Catering Hospitalario,La Paz,La Paz
65,GRUPO SIETE CATERING,"GRUPO SIETE CATERING, La Paz, La Paz, Bolivia",Catering Industrial y Minero,La Paz,La Paz
66,INTI CATERING – SERVICIOS CORPORATIVOS,"INTI CATERING – SERVICIOS CORPORATIVOS, La Paz, La Paz, Bolivia",Catering Corporativo,La Paz,La Paz
67,BANQUETES Y EVENTOS ANDINOS,"BANQUETES Y EVENTOS ANDINOS, La Paz, La Paz, Bolivia",Catering Eventos Sociales,La Paz,La Paz
68,BUENAVENTURA CATERING,"BUENAVENTURA CATERING, La Paz / El Alto, El Alto, Bolivia",Catering Minero y Corporativo,El Alto,El Alto
69,CENTRAL DE CATERING PACEÑO,"CENTRAL DE CATERING PACEÑO, La Paz, La Paz, Bolivia",Catering Corporativo,La Paz,La Paz
70,NUTRIALIMENTOS CATERING,"NUTRIALIMENTOS CATERING, La Paz, La Paz, Bolivia",Catering Educativo/Saludable,La Paz,La Paz
71,HOTEL PRESIDENTE,"HOTEL PRESIDENTE, c. Potosí N° 920, Centro, La Paz, Bolivia",Hotel 5★ con Restaurante y Banquetes,Centro,La Paz
72,CASA GRANDE HOTEL,"CASA GRANDE HOTEL, Calle 16 N° 8009, Calacoto, La Paz, Bolivia",Hotel 5★ con Restaurante y Banquetes,Calacoto,La Paz
73,ATIX HOTEL,"ATIX HOTEL, Calle 16 N° 8052, Calacoto, La Paz, Bolivia",Hotel Boutique 5★ – Restaurante,Calacoto,La Paz
74,SUITES CAMINO REAL,"SUITES CAMINO REAL, Av. Ballivián N° 369, Calle 10, Calacoto, La Paz, Bolivia",Hotel 5★ con Restaurante y Convenciones,Calacoto,La Paz
75,EL REY PALACE HOTEL,"EL REY PALACE HOTEL, Av. 20 de Octubre N° 1947, Sopocachi, La Paz, Bolivia",Hotel con Restaurante,Sopocachi,La Paz
76,CAMINO REAL APART HOTEL & SPA,"CAMINO REAL APART HOTEL & SPA, c. Capitán Ravelo N° 2123, Sopocachi, La Paz, Bolivia",Hotel con Restaurante,Sopocachi,La Paz
77,RITZ APART HOTEL,"RITZ APART HOTEL, Plaza Isabel La Católica N° 2478, Sopocachi, La Paz, Bolivia",Hotel con Restaurante,Sopocachi,La Paz
78,MET HOTEL,"MET HOTEL, Av. Fuerza Naval N° 1626, Calacoto, La Paz, Bolivia",Hotel Boutique con Restaurante,Calacoto,La Paz
79,HOTEL CALACOTO,"HOTEL CALACOTO, Calle 13 N° 8008, Calacoto, La Paz, Bolivia",Hotel 4★ con Restaurante,Calacoto,La Paz
80,HOTEL EUROPA – LA PAZ,"HOTEL EUROPA – LA PAZ, Calle Tiwanaku N° 64, Centro, La Paz, Bolivia",Hotel 4★ con Restaurante,Centro,La Paz
81,HOTEL GLORIA LA PAZ,"HOTEL GLORIA LA PAZ, Calle Potosí N° 909, Centro, La Paz, Bolivia",Hotel con Restaurante y Convenciones,Centro,La Paz
82,HOTEL OBERLAND – EL ALTO,"HOTEL OBERLAND – EL ALTO, El Alto, El Alto, Bolivia",Hotel con Restaurante,El Alto,El Alto
83,RADISSON HOTEL LA PAZ,"RADISSON HOTEL LA PAZ, Av. Arce N° 2177, Sopocachi, La Paz, Bolivia",Hotel Internacional con Restaurante,Sopocachi,La Paz
84,STANNUM BOUTIQUE HOTEL,"STANNUM BOUTIQUE HOTEL, Rosendo Gutiérrez N° 578, Sopocachi, La Paz, Bolivia",Hotel Boutique con Restaurante,Sopocachi,La Paz
85,HOTEL PLAZA LA PAZ,"HOTEL PLAZA LA PAZ, Av. 16 de Julio (El Prado) N° 1789, El Prado, La Paz, Bolivia",Hotel 5★ con Restaurante,El Prado,La Paz
86,HOTEL LOS DELFINES APART,"HOTEL LOS DELFINES APART, c. 17 esq. Claudio Aliaga, Calacoto, La Paz, Bolivia",Hotel con Restaurante,Calacoto,La Paz
87,HOSPITAL LA PAZ – MUNICIPAL,"HOSPITAL LA PAZ – MUNICIPAL, Zona 14 de Septiembre, frente Plaza Garita de Lima, Garita de Lima, La Paz, Bolivia",Hospital con Cocina,Garita de Lima,La Paz
88,HOSPITAL MUNICIPAL LOS PINOS,"HOSPITAL MUNICIPAL LOS PINOS, Calle 25 de Calacoto s/n, Calacoto, La Paz, Bolivia",Hospital con Cocina,Calacoto,La Paz
89,HOSPITAL MUNICIPAL LA MERCED,"HOSPITAL MUNICIPAL LA MERCED, Calle Villa Aspiazu s/n, Villa Fátima, La Paz, Bolivia",Hospital con Cocina,Villa Fátima,La Paz
90,HOSPITAL MUNICIPAL LA PORTADA,"HOSPITAL MUNICIPAL LA PORTADA, Av. La Florida, La Portada, La Paz, Bolivia",Hospital con Cocina,La Portada,La Paz
91,HOSPITAL MUNICIPAL LA COTAHUMA,"HOSPITAL MUNICIPAL LA COTAHUMA, Av. Jaimes Freire, Tembladerani, La Paz, Bolivia",Hospital con Cocina,Tembladerani,La Paz
92,CLÍNICA ALEMANA – LA PAZ,"CLÍNICA ALEMANA – LA PAZ, La Paz, Zona Sur, La Paz, Bolivia",Clínica Privada con Cocina,Zona Sur,La Paz
93,CLÍNICA DEL SUR – LA PAZ,"CLÍNICA DEL SUR – LA PAZ, Zona Sur, Calacoto / Obrajes, La Paz, Bolivia",Clínica Privada con Cocina,Calacoto / Obrajes,La Paz
94,CAJA NACIONAL DE SALUD – LA PAZ,"CAJA NACIONAL DE SALUD – LA PAZ, Av. Busch esq. Bolivia, Miraflores, La Paz, Bolivia",Hospital con Cocina Industrial,Miraflores,La Paz
95,HOSPITAL DE CLÍNICAS UMSA,"HOSPITAL DE CLÍNICAS UMSA, Av. Saavedra N° 2236, Miraflores, La Paz, Bolivia",Hospital Universitario con Cocina,Miraflores,La Paz
96,COSSMIL HOSPITAL MILITAR,"COSSMIL HOSPITAL MILITAR, Av. Saavedra, Miraflores, La Paz, Bolivia",Hospital Militar con Cocina,Miraflores,La Paz
97,UMSA – UNIVERSIDAD MAYOR DE SAN ANDRÉS,"UMSA – UNIVERSIDAD MAYOR DE SAN ANDRÉS, Av. Villazón N° 1995, Monoblock / Miraflores, La Paz, Bolivia",Universidad Pública con Comedor,Monoblock / Miraflores,La Paz
98,UCB – UNIVERSIDAD CATÓLICA BOLIVIANA,"UCB – UNIVERSIDAD CATÓLICA BOLIVIANA, Av. 14 de Septiembre N° 4807, Obrajes, La Paz, Bolivia",Universidad Privada con Cafetería,Obrajes,La Paz
99,UPB – UNIVERSIDAD PRIVADA BOLIVIANA,"UPB – UNIVERSIDAD PRIVADA BOLIVIANA, Calle Prolongación Beni s/n, Zona Sur, La Paz, Bolivia",Universidad Privada con Cafetería,Zona Sur,La Paz
100,EMI – ESCUELA MILITAR DE INGENIERÍA,"EMI – ESCUELA MILITAR DE INGENIERÍA, Calacoto, Calacoto, La Paz, Bolivia",Universidad Militar con Comedor,Calacoto,La Paz
101,UNIFRANZ – UNIVERSIDAD PRIVADA,"UNIFRANZ – UNIVERSIDAD PRIVADA, Av. Arce N° 2631, Sopocachi, La Paz, Bolivia",Universidad con Cafetería,Sopocachi,La Paz
102,UPEA – UNIVERSIDAD EL ALTO,"UPEA – UNIVERSIDAD EL ALTO, Ciudad Satélite, Ciudad Satélite, El Alto, Bolivia",Universidad Pública con Comedor,Ciudad Satélite,El Alto
103,UAB – UNIV. ADVENTISTA DE BOLIVIA,"UAB – UNIV. ADVENTISTA DE BOLIVIA, La Paz, La Paz, Bolivia",Universidad Privada con Comedor,La Paz,La Paz
104,UNIVALLE – UNIVERSIDAD DEL VALLE,"UNIVALLE – UNIVERSIDAD DEL VALLE, La Paz, La Paz, Bolivia",Universidad Privada con Cafetería,La Paz,La Paz
105,COLEGIO ALEMÁN – LA PAZ,"COLEGIO ALEMÁN – LA PAZ, Calle 10 N° 7890, Calacoto, La Paz, Bolivia",Colegio Privado Internacional,Calacoto,La Paz
106,COLEGIO AMERICANO – LA PAZ,"COLEGIO AMERICANO – LA PAZ, La Paz, San Miguel, La Paz, Bolivia",Colegio Internacional,San Miguel,La Paz
107,COLEGIO FRANCO-BOLIVIANO,"COLEGIO FRANCO-BOLIVIANO, La Paz, Calacoto, La Paz, Bolivia",Colegio Bilingüe con Cafetería,Calacoto,La Paz
108,COLEGIO SAN CALIXTO – LA PAZ,"COLEGIO SAN CALIXTO – LA PAZ, Av. Landaeta N° 490, Centro, La Paz, Bolivia",Colegio Privado Tradicional,Centro,La Paz
109,COLEGIO LA SALLE – LA PAZ,"COLEGIO LA SALLE – LA PAZ, Av. Busch N° 1200, Miraflores, La Paz, Bolivia",Colegio Privado con Cafetería,Miraflores,La Paz
110,COLEGIO DOMINGO SABIO – LA PAZ,"COLEGIO DOMINGO SABIO – LA PAZ, La Paz, Norte, La Paz, Bolivia",Colegio Privado con Cafetería,Norte,La Paz
111,COLEGIO LOYOLA – LA PAZ,"COLEGIO LOYOLA – LA PAZ, La Paz, Sur, La Paz, Bolivia",Colegio Jesuita con Cafetería,Sur,La Paz
112,COLEGIO SANTA ANA – LA PAZ,"COLEGIO SANTA ANA – LA PAZ, La Paz, Miraflores, La Paz, Bolivia",Colegio Privado con Cafetería,Miraflores,La Paz
113,COLEGIO MONTESSORI – LA PAZ,"COLEGIO MONTESSORI – LA PAZ, La Paz, Zona Sur, La Paz, Bolivia",Colegio con Cafetería,Zona Sur,La Paz
114,UNIDAD EDUCATIVA BOLIVIANO-JAPONESA,"UNIDAD EDUCATIVA BOLIVIANO-JAPONESA, El Alto, Ciudad Satélite, El Alto, Bolivia",Colegio Bilingüe con Cafetería,Ciudad Satélite,El Alto
115,COLEGIO INGLÉS COBOS – EL ALTO,"COLEGIO INGLÉS COBOS – EL ALTO, El Alto, Ciudad Satélite, El Alto, Bolivia",Colegio Bilingüe El Alto,Ciudad Satélite,El Alto
116,COLEGIO INTERNACIONAL DE LA PAZ,"COLEGIO INTERNACIONAL DE LA PAZ, La Paz, Calacoto, La Paz, Bolivia",Colegio Internacional con Comedor,Calacoto,La Paz
117,ADEREZO BOLIVIANO,"ADEREZO BOLIVIANO, c. Lucas Jaimes N° 2022, Miraflores, La Paz, Bolivia",Mayorista de Especias y Condimentos,Miraflores,La Paz
118,HIPERMAXI SA – CALACOTO,"HIPERMAXI SA – CALACOTO, Oficina regional LP: c. Rosendo Gutiérrez N° 469, Sopocachi (suc. Calacoto), Calacoto, La Paz, Bolivia",Supermercado / Canal Mayorista,Calacoto,La Paz
119,HIPERMAXI SATÉLITE – EL ALTO,"HIPERMAXI SATÉLITE – EL ALTO, Ciudad Satélite, Ciudad Satélite, El Alto, Bolivia",Supermercado / Canal Mayorista,Ciudad Satélite,El Alto
122,FIDALGA – SUPERMERCADO,"FIDALGA – SUPERMERCADO, Oficina principal LP: Av. Sánchez Lima N° 2362, Plaza Avaroa, Sopocachi, Sopocachi, La Paz, Bolivia",Supermercado / Canal Mayorista,Sopocachi,La Paz
123,MERCADO RODRÍGUEZ – DISTRIBUIDORES,"MERCADO RODRÍGUEZ – DISTRIBUIDORES, Calle Rodríguez, Rodríguez / 14 de Septiembre, La Paz, Bolivia",Mercado Mayorista,Rodríguez / 14 de Septiembre,La Paz
124,ZONA COMERCIAL MAX PAREDES – DISTRIBUIDORES,"ZONA COMERCIAL MAX PAREDES – DISTRIBUIDORES, Calle Max Paredes / Uyustus, Max Paredes, La Paz, Bolivia",Zona Comercial Mayorista,Max Paredes,La Paz
125,ZONA GARITA DE LIMA – DISTRIBUIDORES,"ZONA GARITA DE LIMA – DISTRIBUIDORES, Av. Garita de Lima, Garita de Lima, La Paz, Bolivia",Zona Comercial Mayorista,Garita de Lima,La Paz
126,ZONA VILLA DOLORES – EL ALTO,"ZONA VILLA DOLORES – EL ALTO, Villa Dolores, Villa Dolores, El Alto, Bolivia",Zona Comercial Mayorista,Villa Dolores,El Alto
127,MERCADO SENKATA – EL ALTO,"MERCADO SENKATA – EL ALTO, Carretera a Oruro Km 18, Senkata, El Alto, Bolivia",Mercado y Zona Comercial,Senkata,El Alto
128,DISTRIBUIDORA DE ALIMENTOS ANDINA,"DISTRIBUIDORA DE ALIMENTOS ANDINA, La Paz, La Paz, Bolivia",Distribuidora de Alimentos,La Paz,La Paz
129,DISTRIBUIDORA GUTIÉRREZ HNOS.,"DISTRIBUIDORA GUTIÉRREZ HNOS., La Paz, Norte / Garita de Lima, La Paz, Bolivia",Distribuidora de Alimentos,Norte / Garita de Lima,La Paz
130,DISTRIBUIDORA CAMACHO – ESPECIAS Y GRANOS,"DISTRIBUIDORA CAMACHO – ESPECIAS Y GRANOS, Zona Rodríguez / Garita de Lima, Rodríguez, La Paz, Bolivia",Distribuidora Mayorista,Rodríguez,La Paz
131,SUPERMERCADO TARQUI – LA PAZ,"SUPERMERCADO TARQUI – LA PAZ, La Paz, Centro, La Paz, Bolivia",Supermercado Regional,Centro,La Paz
132,DISTRIBUIDORA MANZANA VERDE,"DISTRIBUIDORA MANZANA VERDE, La Paz, Sopocachi, La Paz, Bolivia",Distribuidora de Insumos Gastronómicos,Sopocachi,La Paz
133,ZONA COMERCIAL UYUSTUS – PUESTOS ESPECIERÍA,"ZONA COMERCIAL UYUSTUS – PUESTOS ESPECIERÍA, Calle Uyustus, Max Paredes, La Paz, Bolivia",Mercado Mayorista de Especias,Max Paredes,La Paz
134,IMPORTADORA ALIMENTICIA BOLIVIANA,"IMPORTADORA ALIMENTICIA BOLIVIANA, La Paz, La Paz, Bolivia",Importadora-Distribuidora,La Paz,La Paz
135,ALIMENTOS CONDIMENTADOS DEL ALTIPLANO,"ALIMENTOS CONDIMENTADOS DEL ALTIPLANO, El Alto, El Alto, Bolivia",Procesadora de Condimentos,El Alto,El Alto
136,DISTRIBUIDORA HERMANOS MAMANI – CONDIMENTOS,"DISTRIBUIDORA HERMANOS MAMANI – CONDIMENTOS, Zona Max Paredes / Norte, Max Paredes, La Paz, Bolivia",Distribuidora Mayorista,Max Paredes,La Paz
137,CONSORCIO ALIMENTARIO DEL NORTE,"CONSORCIO ALIMENTARIO DEL NORTE, El Alto / Norte La Paz, Ceja El Alto, El Alto, Bolivia",Distribuidora de Alimentos,Ceja El Alto,El Alto
138,ALIMENTOS EL SOLAR – MAYORISTA,"ALIMENTOS EL SOLAR – MAYORISTA, La Paz, La Paz, Bolivia",Mayorista de Alimentos,La Paz,La Paz
139,DISTRIBUIDORA NORTE PACEÑA,"DISTRIBUIDORA NORTE PACEÑA, Zona Norte, Garita de Lima, La Paz, Bolivia",Distribuidora Alimentos,Garita de Lima,La Paz
140,COOPROALP – COOPERATIVA PRODUCTORES ALIMENTOS,"COOPROALP – COOPERATIVA PRODUCTORES ALIMENTOS, El Alto, El Alto, Bolivia",Cooperativa Alimenticia,El Alto,El Alto
141,MAKRO WHOLESALE – LA PAZ (si existe),"MAKRO WHOLESALE – LA PAZ (si existe), La Paz, La Paz, Bolivia",Mayorista Institucional,La Paz,La Paz
142,DISTRIBUIDORA ROCA – INGREDIENTES,"DISTRIBUIDORA ROCA – INGREDIENTES, La Paz, Industrial, La Paz, Bolivia",Distribuidora de Ingredientes,Industrial,La Paz
143,MERCADO CHOROLQUE – EL ALTO,"MERCADO CHOROLQUE – EL ALTO, Zona Chorolque, Chorolque, El Alto, Bolivia",Mercado Mayorista El Alto,Chorolque,El Alto
144,MERCADO SENASIR – ZONA SUR,"MERCADO SENASIR – ZONA SUR, Zona Sur, Obrajes / Calacoto, La Paz, Bolivia",Mercado y Distribuidores,Obrajes / Calacoto,La Paz
145,COOPERATIVA AGROINDUSTRIAL ALTIPLANO,"COOPERATIVA AGROINDUSTRIAL ALTIPLANO, El Alto, El Alto, Bolivia",Cooperativa Productora,El Alto,El Alto
146,ALMACENES ANDINOS – INSUMOS GASTRONÓMICOS,"ALMACENES ANDINOS – INSUMOS GASTRONÓMICOS, La Paz, Miraflores, La Paz, Bolivia",Almacén Gastronómico,Miraflores,La Paz
147,INTERQUÍMICA INDUSTRIAL SA,"INTERQUÍMICA INDUSTRIAL SA, Parque Industrial (oficina SCZ), Representación La Paz, La Paz, Bolivia",Importadora de Ingredientes Alimenticios,Representación La Paz,La Paz
148,CRUZIMEX LTDA.,"CRUZIMEX LTDA., Representación La Paz, La Paz, Bolivia",Importadora-Distribuidora de Alimentos,La Paz,La Paz
149,ALICORP BOLIVIA,"ALICORP BOLIVIA, La Paz, La Paz, Bolivia",Importadora-Distribuidora de Insumos,La Paz,La Paz
150,INDUSTRIAL QUÍMICA SRL – IMPORTADORA,"INDUSTRIAL QUÍMICA SRL – IMPORTADORA, La Paz, La Paz, Bolivia",Importadora Ingredientes,La Paz,La Paz
151,IMPORTADORA ANDEAN FOODS,"IMPORTADORA ANDEAN FOODS, La Paz, La Paz, Bolivia",Importadora de Ingredientes,La Paz,La Paz
152,DISTRIBUCIONES INTERNACIONALES PACEÑAS,"DISTRIBUCIONES INTERNACIONALES PACEÑAS, La Paz, La Paz, Bolivia",Importadora-Distribuidora,La Paz,La Paz
153,IMPORTADORA GOYA – REPRESENTACIÓN BOLIVIA,"IMPORTADORA GOYA – REPRESENTACIÓN BOLIVIA, La Paz, La Paz, Bolivia",Importadora de Alimentos,La Paz,La Paz
154,PROVEEDORA GASTRONÓMICA ANDES SRL,"PROVEEDORA GASTRONÓMICA ANDES SRL, La Paz, La Paz, Bolivia",Proveedor de Insumos Gastronómicos,La Paz,La Paz
155,IMPORTACIONES ALIMENTARIAS DEL ALTIPLANO,"IMPORTACIONES ALIMENTARIAS DEL ALTIPLANO, El Alto, El Alto, Bolivia",Importadora,El Alto,El Alto
156,DISTRIBUIDORA GLOBAL FOODS – LA PAZ,"DISTRIBUIDORA GLOBAL FOODS – LA PAZ, La Paz, La Paz, Bolivia",Distribuidora Internacional,La Paz,La Paz
157,BUNGE BOLIVIA,"BUNGE BOLIVIA, La Paz, La Paz, Bolivia",Agro-industrial / Materias Primas,La Paz,La Paz
158,IMPORTADORA GOURMET ANDINO,"IMPORTADORA GOURMET ANDINO, La Paz, Sopocachi / Miraflores, La Paz, Bolivia",Importadora Gourmet,Sopocachi / Miraflores,La Paz
159,DISTRIBUIDORA CONDIMENTOS DEL PACÍFICO,"DISTRIBUIDORA CONDIMENTOS DEL PACÍFICO, La Paz, La Paz, Bolivia",Distribuidora Especializada,La Paz,La Paz
160,IMPORTEX BOLIVIA – INGREDIENTES,"IMPORTEX BOLIVIA – INGREDIENTES, La Paz, La Paz, Bolivia",Importadora General,La Paz,La Paz
161,SNACK ANDINO – INDUSTRIA DE PAPAS,"SNACK ANDINO – INDUSTRIA DE PAPAS, El Alto, El Alto, Bolivia",Snacks / Alimentos Procesados,El Alto,El Alto
162,FÁBRICA DE SALSAS Y ADEREZOS LA PACEÑA,"FÁBRICA DE SALSAS Y ADEREZOS LA PACEÑA, La Paz, La Paz, Bolivia",Salsas y Aderezos,La Paz,La Paz
163,EMBUTIDOS ILLIMANI – CALSINA VARGAS,"EMBUTIDOS ILLIMANI – CALSINA VARGAS, La Paz, La Paz, Bolivia",Embutidos,La Paz,La Paz
164,EMBUTIDOS LA BENIANA – CONCENTA TICONA,"EMBUTIDOS LA BENIANA – CONCENTA TICONA, La Paz, La Paz, Bolivia",Embutidos,La Paz,La Paz
165,PRODUCTOS NATURALES Y ORGÁNICOS ANDINOS,"PRODUCTOS NATURALES Y ORGÁNICOS ANDINOS, El Alto, El Alto, Bolivia",Alimentos Naturales/Orgánicos,El Alto,El Alto
166,CAFÉ COLISEO – CADENA BOLIVIANA,"CAFÉ COLISEO – CADENA BOLIVIANA, La Paz, Sopocachi / Centro, La Paz, Bolivia",Cafetería-Restaurante Cadena,Sopocachi / Centro,La Paz
167,ROASTER – CAFÉ DE ESPECIALIDAD,"ROASTER – CAFÉ DE ESPECIALIDAD, La Paz, Sopocachi, La Paz, Bolivia",Cafetería / Tostadora,Sopocachi,La Paz
168,CINNABON BOLIVIA,"CINNABON BOLIVIA, La Paz, Zona Sur / Megacenter, La Paz, Bolivia",Cadena Internacional – Repostería,Zona Sur / Megacenter,La Paz
169,COCOLATTE – CAFETERÍA Y HELADERÍA,"COCOLATTE – CAFETERÍA Y HELADERÍA, La Paz, La Paz, Bolivia",Cafetería-Heladería,La Paz,La Paz
171,GUSTO BOLIVIA – CADENA GASTRONÓMICA,"GUSTO BOLIVIA – CADENA GASTRONÓMICA, La Paz, La Paz, Bolivia",Cadena de Restaurantes,La Paz,La Paz
172,BITS & CREAM – HELADERÍA,"BITS & CREAM – HELADERÍA, La Paz, Calacoto, La Paz, Bolivia",Heladería-Cadena,Calacoto,La Paz
174,ALABAMA CHICKEN – CADENA,"ALABAMA CHICKEN – CADENA, La Paz, La Paz, Bolivia",Cadena de Pollo,La Paz,La Paz
175,BENDITA BURGER – CADENA,"BENDITA BURGER – CADENA, La Paz, Sopocachi / Calacoto, La Paz, Bolivia",Cadena de Hamburguesas,Sopocachi / Calacoto,La Paz
176,CHURRASQUERÍA WALIKI,"CHURRASQUERÍA WALIKI, La Paz, La Paz, Bolivia",Restaurante Parrilla,La Paz,La Paz
177,BAHREM PIZZERÍA – CADENA,"BAHREM PIZZERÍA – CADENA, La Paz, La Paz, Bolivia",Cadena de Pizzería,La Paz,La Paz
178,AVE PIZZA – CADENA,"AVE PIZZA – CADENA, La Paz, La Paz, Bolivia",Cadena de Pizzería,La Paz,La Paz
179,BEATRICE PASTAS – CADENA,"BEATRICE PASTAS – CADENA, La Paz, Sopocachi / Miraflores, La Paz, Bolivia",Cadena de Pastas,Sopocachi / Miraflores,La Paz
180,CHIFA TANG – CADENA CHINA,"CHIFA TANG – CADENA CHINA, La Paz, La Paz, Bolivia",Cadena de Comida China,La Paz,La Paz
181,BROASTERÍA ANITA – CADENA,"BROASTERÍA ANITA – CADENA, La Paz, El Alto / La Paz, El Alto, Bolivia",Cadena de Broaster y Pollo,El Alto / La Paz,El Alto
182,POLLO COPACABANA – EL ALTO (SUCURSAL),"POLLO COPACABANA – EL ALTO (SUCURSAL), Ciudad Satélite / El Alto, El Alto, Bolivia",Cadena de Restaurantes,El Alto,El Alto
183,HOTEL TORINO – LA PAZ,"HOTEL TORINO – LA PAZ, Calle Socabaya N° 457, Centro, La Paz, Bolivia",Hotel 3★ con Restaurante,Centro,La Paz
184,HOTEL NAYJAMA,"HOTEL NAYJAMA, Calle Sagárnaga N° 161, Centro, La Paz, Bolivia",Hotel con Restaurante,Centro,La Paz
185,HOTEL CONTINENTAL – LA PAZ,"HOTEL CONTINENTAL – LA PAZ, Illampu N° 626, Centro, La Paz, Bolivia",Hotel con Restaurante,Centro,La Paz
186,RESTAURANTE GUSTU – ALTA COCINA,"RESTAURANTE GUSTU – ALTA COCINA, Calle 10 N° 300, Calacoto, La Paz, Bolivia",Restaurante Gourmet,Calacoto,La Paz
187,CLÍNICA INCOR – LA PAZ,"CLÍNICA INCOR – LA PAZ, La Paz, Sopocachi, La Paz, Bolivia",Clínica Cardiológica con Cocina,Sopocachi,La Paz
188,HOSPITAL ARCO IRIS – LA PAZ,"HOSPITAL ARCO IRIS – LA PAZ, La Paz, Miraflores, La Paz, Bolivia",Hospital Privado con Cocina,Miraflores,La Paz
189,COLEGIO JUAN PABLO II – EL ALTO,"COLEGIO JUAN PABLO II – EL ALTO, El Alto, Ciudad Satélite, El Alto, Bolivia",Colegio Privado con Cafetería,Ciudad Satélite,El Alto
190,COLEGIO ADVENTISTA EL MENSAJERO,"COLEGIO ADVENTISTA EL MENSAJERO, La Paz / El Alto, Varias zonas, La Paz, Bolivia",Colegio con Comedor,Varias zonas,La Paz
191,EMPRESA BOLIVIANA DE ALIMENTOS EBA,"EMPRESA BOLIVIANA DE ALIMENTOS EBA, La Paz, La Paz, Bolivia",Industria Alimenticia,La Paz,La Paz
192,DON PIOTR – EMBUTIDOS,"DON PIOTR – EMBUTIDOS, La Paz, La Paz, Bolivia",Embutidos,La Paz,La Paz
193,INDUSTRIA PANIFICADORA EL PAN CASERO,"INDUSTRIA PANIFICADORA EL PAN CASERO, La Paz, La Paz, Bolivia",Panificadora,La Paz,La Paz
194,INDUSTRIAS ALIMENTICIAS SAN LUIS,"INDUSTRIAS ALIMENTICIAS SAN LUIS, La Paz, La Paz, Bolivia",Industria Alimenticia,La Paz,La Paz
195,MAXINN – ACHO DE SANCHEZ YOLA,"MAXINN – ACHO DE SANCHEZ YOLA, El Alto, El Alto, Bolivia",Embutidos,El Alto,El Alto
196,NUEVA PACEÑA – EMBUTIDOS,"NUEVA PACEÑA – EMBUTIDOS, La Paz, La Paz, Bolivia",Embutidos,La Paz,La Paz
197,SERVICIOS ALIMENTARIOS CORPORATIVOS SRL,"SERVICIOS ALIMENTARIOS CORPORATIVOS SRL, La Paz, La Paz, Bolivia",Catering Corporativo,La Paz,La Paz
198,TORINO PIZZA & PASTA,"TORINO PIZZA & PASTA, La Paz, Sopocachi / San Miguel, La Paz, Bolivia",Restaurante Italiano / Cadena,Sopocachi / San Miguel,La Paz
199,CERVECERÍA BOLIVIANA NACIONAL – RESTAURANTE,"CERVECERÍA BOLIVIANA NACIONAL – RESTAURANTE, Av. Montes, Centro, La Paz, Bolivia",Restaurante Industrial,Centro,La Paz
200,COMEDOR INDUSTRIAL ENAF / YPFB,"COMEDOR INDUSTRIAL ENAF / YPFB, El Alto, El Alto, Bolivia",Comedor Industrial,El Alto,El Alto
201,FRIGORÍFICO PACEÑO SRL,"FRIGORÍFICO PACEÑO SRL, La Paz, Norte, La Paz, Bolivia",Frigorífico y Cárnicos,Norte,La Paz
202,PROCABOL – FLORES RODRÍGUEZ WINSTON,"PROCABOL – FLORES RODRÍGUEZ WINSTON, La Paz, La Paz, Bolivia",Embutidos,La Paz,La Paz
203,CHOCOLATERÍA BONBONNIERE – LA PAZ,"CHOCOLATERÍA BONBONNIERE – LA PAZ, La Paz, Calacoto, La Paz, Bolivia",Chocolatería y Repostería,Calacoto,La Paz
204,DISTRIBUIDORA PÉREZ & ASOCIADOS,"DISTRIBUIDORA PÉREZ & ASOCIADOS, La Paz, La Paz, Bolivia",Distribuidora de Alimentos,La Paz,La Paz
205,CHILAQUIL – RESTAURANTE MEXICANO CADENA,"CHILAQUIL – RESTAURANTE MEXICANO CADENA, La Paz, La Paz, Bolivia",Restaurante Mexicano,La Paz,La Paz
206,LA CASA DEL CAMBA – EL BOSQUE,"LA CASA DEL CAMBA – EL BOSQUE, El Bosque Boulevard, Calle 15 Calacoto entre Sánchez Bustamante y Julio Patiño, Calacoto - El Bosque, La Paz, Bolivia",Restaurante – Comida Camba / Parrilla,Calacoto - El Bosque,La Paz
207,ROSMARINO – EL BOSQUE,"ROSMARINO – EL BOSQUE, El Bosque Boulevard, entre Calles 14 y 15, Calacoto, Calacoto - El Bosque, La Paz, Bolivia",Restaurante – Italiano,Calacoto - El Bosque,La Paz
208,SACHA – EL BOSQUE,"SACHA – EL BOSQUE, El Bosque Boulevard, Calle 15 Calacoto, Calacoto - El Bosque, La Paz, Bolivia",Restaurante – Cocina de Autor,Calacoto - El Bosque,La Paz
209,BOTÁNICA – EL BOSQUE,"BOTÁNICA – EL BOSQUE, El Bosque Boulevard, Calle 15 Calacoto, Calacoto - El Bosque, La Paz, Bolivia",Restaurante – Contemporáneo,Calacoto - El Bosque,La Paz
210,TAKUMI – EL BOSQUE,"TAKUMI – EL BOSQUE, El Bosque Boulevard, Calle 15 Calacoto, Calacoto - El Bosque, La Paz, Bolivia",Restaurante – Japonés / Sushi,Calacoto - El Bosque,La Paz
211,TACOBAR TOWN – EL BOSQUE,"TACOBAR TOWN – EL BOSQUE, El Bosque Boulevard, Calle 15 Calacoto, Calacoto - El Bosque, La Paz, Bolivia",Restaurante – Mexicano,Calacoto - El Bosque,La Paz
212,MANQ'A – EL BOSQUE,"MANQ'A – EL BOSQUE, El Bosque Boulevard, Calle 15 Calacoto, Calacoto - El Bosque, La Paz, Bolivia",Restaurante – Cocina Boliviana,Calacoto - El Bosque,La Paz
213,PROST – BEER GARDEN EL BOSQUE,"PROST – BEER GARDEN EL BOSQUE, El Bosque Boulevard, Calle 15 Calacoto, Calacoto - El Bosque, La Paz, Bolivia",Restaurante – Chopería / Alemana,Calacoto - El Bosque,La Paz
214,OH MY DOG & FRIES – EL BOSQUE,"OH MY DOG & FRIES – EL BOSQUE, El Bosque Boulevard, Calle 15 Calacoto, Calacoto - El Bosque, La Paz, Bolivia",Comida Rápida – Hot Dogs,Calacoto - El Bosque,La Paz
215,VAINILLA CAFÉ – EL BOSQUE,"VAINILLA CAFÉ – EL BOSQUE, El Bosque Boulevard, Calle 15 Calacoto, Calacoto - El Bosque, La Paz, Bolivia",Cafetería – Repostería,Calacoto - El Bosque,La Paz
216,TYPICA CAFÉ – EL BOSQUE,"TYPICA CAFÉ – EL BOSQUE, Cadena 8 sucursales LP: San Miguel, Sopocachi, Achumani, Centro (Batallón Colorados Ed. Tres Cruces N°40), Boulevard El Bosque, Obrajes, Satélite El Alto, Calacoto - El Bosque, La Paz, Bolivia",Cafetería de Especialidad,Calacoto - El Bosque,La Paz
217,ALI PACHA – ALTA COCINA VEGANA,"ALI PACHA – ALTA COCINA VEGANA, Calle Colón N° 1306 esq. Potosí, Centro, La Paz, Bolivia",Restaurante – Alta Cocina Vegana,Centro,La Paz
218,POPULAR COCINA BOLIVIANA,"POPULAR COCINA BOLIVIANA, Calle Murillo N° 826, Centro, La Paz, Bolivia",Restaurante – Cocina Boliviana Contemporánea,Centro,La Paz
219,ANCESTRAL RESTAURANTE – PARRILLA,"ANCESTRAL RESTAURANTE – PARRILLA, Calle 10 de Achumani, María F. Goya N° 135, Achumani, La Paz, Bolivia",Restaurante – Parrilla de Autor,Achumani,La Paz
220,ARAMI – SUSHI FUSIÓN,"ARAMI – SUSHI FUSIÓN, Av. El Aviador N° 77, Zona Sur, La Paz, Bolivia",Restaurante – Japonés Fusión,Zona Sur,La Paz
221,PHAYAWI – COCINA TAILANDESA,"PHAYAWI – COCINA TAILANDESA, Calle 22 de Achumani, Achumani, La Paz, Bolivia",Restaurante – Tailandés,Achumani,La Paz
222,IMILLA ALZADA – PIZZERÍA ARTESANAL,"IMILLA ALZADA – PIZZERÍA ARTESANAL, Calle Álvarez Plata N° 50, Cota Cota, Cota Cota, La Paz, Bolivia",Restaurante – Pizzería Artesanal,Cota Cota,La Paz
223,MI CHOLA – COCINA CONTEMPORÁNEA,"MI CHOLA – COCINA CONTEMPORÁNEA, Av. Ecuador, Sopocachi, Sopocachi, La Paz, Bolivia",Restaurante – Boliviano Contemporáneo,Sopocachi,La Paz
224,LA RUFINA BOLIVIA,"LA RUFINA BOLIVIA, Sopocachi, Sopocachi, La Paz, Bolivia",Restaurante – Cocina Latina,Sopocachi,La Paz
225,TERRA RESTAURANT,"TERRA RESTAURANT, Zona Sur, Zona Sur, La Paz, Bolivia",Restaurante – Internacional Fusión,Zona Sur,La Paz
226,EL BESTIARIO – CARNES AHUMADAS,"EL BESTIARIO – CARNES AHUMADAS, Calle Aspiazu N° 426, Sopocachi, La Paz, Bolivia",Restaurante – Ahumados / Internacional,Sopocachi,La Paz
227,LA TRANQUERA – PARRILLA,"LA TRANQUERA – PARRILLA, Calle Capitán Ravelo N° 2123 (suc. Zona Sur), Sopocachi / Zona Sur, La Paz, Bolivia",Restaurante – Parrilla / Churrasquería,Sopocachi / Zona Sur,La Paz
228,CHURRASQUERÍA EL ARRIERO,"CHURRASQUERÍA EL ARRIERO, Av. 6 de Agosto N° 2535 (suc. Zona Sur: Av. Montenegro), Sopocachi / Calacoto, La Paz, Bolivia",Restaurante – Churrasquería Argentina,Sopocachi / Calacoto,La Paz
229,SABOR GAUCHO – PARRILLA ARGENTINA,"SABOR GAUCHO – PARRILLA ARGENTINA, Calle Fernando Guachalla N° 319, Sopocachi, Sopocachi, La Paz, Bolivia",Restaurante – Parrilla Argentina,Sopocachi,La Paz
230,PUERTO MADERO – PARRILLA,"PUERTO MADERO – PARRILLA, Av. Ballivián, Calacoto, Calacoto, La Paz, Bolivia",Restaurante – Parrilla,Calacoto,La Paz
231,EL QUEBRACHO – CHURRASQUERÍA,"EL QUEBRACHO – CHURRASQUERÍA, Miraflores, Miraflores, La Paz, Bolivia",Restaurante – Churrasquería,Miraflores,La Paz
232,LAS BRASAS DEL TORO,"LAS BRASAS DEL TORO, Sopocachi, Sopocachi, La Paz, Bolivia",Restaurante – Parrilla,Sopocachi,La Paz
233,CHURRASQUERÍA SAN MARCO,"CHURRASQUERÍA SAN MARCO, San Miguel, San Miguel, La Paz, Bolivia",Restaurante – Churrasquería,San Miguel,La Paz
234,EL FOGONCITO DE MIKY,"EL FOGONCITO DE MIKY, Calle Gabriel René Moreno N° 1187, San Miguel, San Miguel, La Paz, Bolivia",Restaurante – Parrilla,San Miguel,La Paz
235,TINTO – CARNES ARGENTINAS,"TINTO – CARNES ARGENTINAS, Calle 9 de Calacoto N° 5, Calacoto, La Paz, Bolivia",Restaurante – Parrilla Premium,Calacoto,La Paz
236,THE STEAKHOUSE,"THE STEAKHOUSE, Calle Enrique Peñaranda, San Miguel, San Miguel, La Paz, Bolivia",Restaurante – Steakhouse,San Miguel,La Paz
237,ASAU – PARRILLA BBQ,"ASAU – PARRILLA BBQ, Zona Sur, Zona Sur, La Paz, Bolivia",Restaurante – Parrilla / BBQ,Zona Sur,La Paz
238,BRAS BROS – PARRILLA,"BRAS BROS – PARRILLA, Av. Simón Bolívar N° 1534, Centro, La Paz, Bolivia",Restaurante – Parrilla / Grill,Centro,La Paz
239,EL POLLIN,"EL POLLIN, Av. Simón Bolívar N° 1574, Centro, La Paz, Bolivia",Restaurante – Pollos y Parrilla,Centro,La Paz
240,COZZOLISI PIZZA & PASTA,"COZZOLISI PIZZA & PASTA, Av. Enrique Peñaranda Bloque L N° 33, San Miguel, San Miguel, La Paz, Bolivia",Restaurante – Pizzería (3 sucursales),San Miguel,La Paz
241,PIZZA NOSTRA,"PIZZA NOSTRA, Av. Mariscal Montenegro N° 945, San Miguel, San Miguel, La Paz, Bolivia",Restaurante – Pizzería (4 sucursales),San Miguel,La Paz
242,MOZZARELLA PIZZA,"MOZZARELLA PIZZA, Zona Sur, Zona Sur, La Paz, Bolivia",Restaurante – Pizzería,Zona Sur,La Paz
243,PIZZERIA BELLA CIAO,"PIZZERIA BELLA CIAO, Sopocachi, Sopocachi, La Paz, Bolivia",Restaurante – Pizzería,Sopocachi,La Paz
244,EFÍMERA – PIZZERÍA ARTESANAL,"EFÍMERA – PIZZERÍA ARTESANAL, Sopocachi, Sopocachi, La Paz, Bolivia",Restaurante – Pizzería Artesanal,Sopocachi,La Paz
245,LONDON PIZZERÍA PASTELERÍA,"LONDON PIZZERÍA PASTELERÍA, Av. Esteban Arce N° 1828, San Pedro, La Paz, Bolivia",Restaurante – Pizzería y Pastelería,San Pedro,La Paz
246,TUTTO PASTA,"TUTTO PASTA, Zona Sur, Zona Sur, La Paz, Bolivia",Restaurante – Italiano,Zona Sur,La Paz
247,FELLINI – RISTORANTE,"FELLINI – RISTORANTE, Calle Gabriel René Moreno N° 1383, San Miguel, San Miguel, La Paz, Bolivia",Restaurante – Italiano,San Miguel,La Paz
248,PRONTO DALICATESSEN,"PRONTO DALICATESSEN, Pasaje Jáuregui N° 2248, Sopocachi, Sopocachi, La Paz, Bolivia",Restaurante – Italiano,Sopocachi,La Paz
249,PROPIEDAD PÚBLICA – ITALIANO,"PROPIEDAD PÚBLICA – ITALIANO, Calle Enrique Peñaranda, San Miguel, San Miguel, La Paz, Bolivia",Restaurante – Italiano Contemporáneo,San Miguel,La Paz
250,JARDÍN DE ASIA – LA PAZ,"JARDÍN DE ASIA – LA PAZ, Calle 13 de Calacoto esq. Av. Julio C. Patiño, Calacoto, La Paz, Bolivia",Restaurante – Asiático Fusión,Calacoto,La Paz
251,NEW SAKURA – JAPONÉS,"NEW SAKURA – JAPONÉS, Calle Julio Patiño N° 668, Calacoto, Calacoto, La Paz, Bolivia",Restaurante – Japonés,Calacoto,La Paz
252,FURUSATO – JAPONÉS,"FURUSATO – JAPONÉS, Av. Clemente Inofuentes esq. Calle 11, Calacoto, Calacoto, La Paz, Bolivia",Restaurante – Japonés,Calacoto,La Paz
253,KEN CHAN – JAPONÉS,"KEN CHAN – JAPONÉS, Calle Batallón Colorados N° 98, Edif. El Cóndor, Centro, La Paz, Bolivia",Restaurante – Japonés,Centro,La Paz
254,HAKU SUSHI,"HAKU SUSHI, Zona Sur, Zona Sur, La Paz, Bolivia",Restaurante – Sushi,Zona Sur,La Paz
255,DELI SUSHI,"DELI SUSHI, Zona Sur, Zona Sur, La Paz, Bolivia",Restaurante – Sushi,Zona Sur,La Paz
256,CHABUCA – COCINA PERUANA,"CHABUCA – COCINA PERUANA, Av. Brasil N° 1624, Miraflores, Miraflores, La Paz, Bolivia",Restaurante – Peruano / Mariscos,Miraflores,La Paz
257,SACH'A YUNTAS – NIKKEI,"SACH'A YUNTAS – NIKKEI, Calle Enrique Costas, Zona Sur, La Paz, Bolivia",Restaurante – Peruano Nikkei,Zona Sur,La Paz
258,PALADAR COZINHA BRASILEIRA,"PALADAR COZINHA BRASILEIRA, Av. Saavedra N° 1948, Miraflores / Av. Montenegro N° 858, San Miguel, Miraflores / San Miguel, La Paz, Bolivia",Restaurante – Brasileño (2 sucursales),Miraflores / San Miguel,La Paz
259,RINCÓN ESPAÑOL,"RINCÓN ESPAÑOL, Calle Hermanos Manchego N° 2550, Sopocachi, Sopocachi, La Paz, Bolivia",Restaurante – Español,Sopocachi,La Paz
260,LA SUISSE,"LA SUISSE, Av. Muñoz Reyes N° 1710, Cota Cota, Cota Cota, La Paz, Bolivia",Restaurante – Suizo / Europeo,Cota Cota,La Paz
261,RESTAURANT VIENNA,"RESTAURANT VIENNA, Calle Federico Zuazo N° 1905, Centro, La Paz, Bolivia",Restaurante – Austriaco / Internacional,Centro,La Paz
262,LA CUEVA – MEXICANO,"LA CUEVA – MEXICANO, Calle Tarija esq. Murillo, Centro, La Paz, Bolivia",Restaurante – Mexicano,Centro,La Paz
263,VINAPHO – COCINA ASIÁTICA,"VINAPHO – COCINA ASIÁTICA, Calle Murillo N° 826, Centro, La Paz, Bolivia",Restaurante – Vietnamita / Tailandés,Centro,La Paz
264,BOM KOREAN FOOD,"BOM KOREAN FOOD, Zona Sur, Zona Sur, La Paz, Bolivia",Restaurante – Coreano,Zona Sur,La Paz
265,SUMAQ MIKHUY – COCINA NACIONAL,"SUMAQ MIKHUY – COCINA NACIONAL, Calle 11 de Calacoto N° 8025, Calacoto, La Paz, Bolivia",Restaurante – Comida Boliviana,Calacoto,La Paz
266,EL MOTACÚ – COCINA CRUCEÑA,"EL MOTACÚ – COCINA CRUCEÑA, Av. Saavedra N° 1513, Miraflores, Miraflores, La Paz, Bolivia",Restaurante – Comida del Oriente,Miraflores,La Paz
267,SUCREMANTA – COCINA CHUQUISAQUEÑA,"SUCREMANTA – COCINA CHUQUISAQUEÑA, Av. Sánchez Lima N° 490, Sopocachi, Sopocachi, La Paz, Bolivia",Restaurante – Comida de Sucre,Sopocachi,La Paz
268,ROYAL CHICKEN,"ROYAL CHICKEN, Calle 17 N° 6301, Obrajes, Obrajes, La Paz, Bolivia",Restaurante – Pollos,Obrajes,La Paz
269,CHICHARRONES IRPAVI,"CHICHARRONES IRPAVI, Calle 10 N° 6429, Irpavi, Irpavi, La Paz, Bolivia",Restaurante – Chicharronería,Irpavi,La Paz
270,API HAPPY – CADENA DE API,"API HAPPY – CADENA DE API, Av. García Lanza esq. Calle 10, Achumani, Achumani / Obrajes / Centro, La Paz, Bolivia",Cafetería – Api y Pasteles (3 suc.),Achumani / Obrajes / Centro,La Paz
271,SUMA URU – RADISSON,"SUMA URU – RADISSON, Av. Arce N° 2177, Hotel Radisson, Sopocachi, La Paz, Bolivia",Restaurante – Hotel Internacional,Sopocachi,La Paz
272,WACATAY – RESTAURANTE,"WACATAY – RESTAURANTE, Zona Sur, Zona Sur, La Paz, Bolivia",Restaurante – Andino Contemporáneo,Zona Sur,La Paz
273,HIGHLANDERS – RESTOBAR,"HIGHLANDERS – RESTOBAR, Zona Sur, Zona Sur, La Paz, Bolivia",Restaurante – Internacional / Restobar,Zona Sur,La Paz
274,LA BASTILLE – FRANCÉS,"LA BASTILLE – FRANCÉS, Zona Sur, Zona Sur, La Paz, Bolivia",Restaurante – Francés,Zona Sur,La Paz
275,ALTAMAR – MARISCOS,"ALTAMAR – MARISCOS, Zona Sur, Zona Sur, La Paz, Bolivia",Restaurante – Mariscos,Zona Sur,La Paz
276,ROJO – RESTAURANTE,"ROJO – RESTAURANTE, Zona Sur, Zona Sur, La Paz, Bolivia",Restaurante – Contemporáneo,Zona Sur,La Paz
277,FELLAS – RESTOBAR,"FELLAS – RESTOBAR, Zona Sur, Zona Sur, La Paz, Bolivia",Restaurante – Restobar,Zona Sur,La Paz
278,ALTURA – RESTAURANTE,"ALTURA – RESTAURANTE, Zona Sur, Zona Sur, La Paz, Bolivia",Restaurante – De Autor,Zona Sur,La Paz
279,GARITA – RESTAURANTE,"GARITA – RESTAURANTE, La Paz, La Paz, Bolivia",Restaurante – Boliviano Contemporáneo,La Paz,La Paz
280,CAFÉ DEL MUNDO,"CAFÉ DEL MUNDO, Calle Sagárnaga N° 213, Rosario / Centro, La Paz, Bolivia",Cafetería – Internacional,Rosario / Centro,La Paz
281,NAMAS TE – INTERNACIONAL,"NAMAS TE – INTERNACIONAL, Zona Centro, Centro, La Paz, Bolivia",Restaurante – Internacional Vegetariano,Centro,La Paz
282,ZOOTOPIA – COMIDA CHINA,"ZOOTOPIA – COMIDA CHINA, Calle Belisario Salinas N° 390, Sopocachi Bajo, Sopocachi, La Paz, Bolivia",Restaurante – Chino,Sopocachi,La Paz
283,GATO'S GRILL,"GATO'S GRILL, Calle Pedro Salazar, Sopocachi, Sopocachi, La Paz, Bolivia",Restaurante – Parrilla / Grill,Sopocachi,La Paz
284,LA CAPITAL – HAMBURGUESAS Y ALITAS,"LA CAPITAL – HAMBURGUESAS Y ALITAS, Sopocachi, Sopocachi, La Paz, Bolivia",Restaurante – Hamburguesas / Alitas,Sopocachi,La Paz
285,PACEÑA LA SALTEÑA – OFICINA CENTRAL,"PACEÑA LA SALTEÑA – OFICINA CENTRAL, Oficina central: Calle 19 de Calacoto, Edif. Las Dos Marías (suc: Miraflores Av. Brasil 1667, Centro Loayza 233, Sopocachi 20 de Octubre), Calacoto, La Paz, Bolivia",Salteñería – Cadena (5 suc.),Calacoto,La Paz
286,SALTEÑERÍA EL HORNITO,"SALTEÑERÍA EL HORNITO, Av. Busch N° 2027, Miraflores / Av. Ballivián N° 1375 e/ c.20-21, Calacoto, Miraflores / Calacoto, La Paz, Bolivia",Salteñería (3 locales),Miraflores / Calacoto,La Paz
287,SALTUCAS SALTEÑAS,"SALTUCAS SALTEÑAS, Casa matriz: Av. 6 de Agosto N° 2287, Sopocachi (suc: Av. Montenegro e/ c.21-22, San Miguel), Sopocachi / San Miguel, La Paz, Bolivia",Salteñería (2 suc.),Sopocachi / San Miguel,La Paz
288,SALTEÑERÍA COPACABANA,"SALTEÑERÍA COPACABANA, Av. Saavedra N° 1264, Miraflores, La Paz, Bolivia",Salteñería,Miraflores,La Paz
289,SALTEÑAS LUCIÉRNAGA,"SALTEÑAS LUCIÉRNAGA, Calle Panamá N° 1156, Miraflores, La Paz, Bolivia",Salteñería,Miraflores,La Paz
290,SALTEÑERÍA EL PÍCARO,"SALTEÑERÍA EL PÍCARO, Calle Fernando Guachalla esq. Ecuador, Sopocachi, La Paz, Bolivia",Salteñería,Sopocachi,La Paz
291,SALTEÑAS KORI,"SALTEÑAS KORI, Calle Panamá esq. EEUU N° 1504, Miraflores, La Paz, Bolivia",Salteñería y Pastelería,Miraflores,La Paz
292,SALTEÑAS POTOSINAS – CALACOTO,"SALTEÑAS POTOSINAS – CALACOTO, Calle 10 de Calacoto, Calacoto, La Paz, Bolivia",Salteñería,Calacoto,La Paz
293,ALEXANDER COFFEE – OFICINA CENTRAL,"ALEXANDER COFFEE – OFICINA CENTRAL, Oficina central: Calle Juan de Vargas N° 2370, Miraflores (suc: Prado 16 de Julio 1832, Av. 20 de Octubre 2463, Av. Arce 2631 Multicine, San Miguel c.21 y Montenegro 1336, aeropuerto), Miraflores, La Paz, Bolivia",Cafetería – Cadena (9 suc. LP),Miraflores,La Paz
294,VAINILLA COFFEE COMPANY – SAN MIGUEL,"VAINILLA COFFEE COMPANY – SAN MIGUEL, Calle Federico Ferrecio N° 1303 esq. René Moreno, San Miguel, San Miguel, La Paz, Bolivia",Cafetería-Bistró,San Miguel,La Paz
295,JUAN VALDEZ CAFÉ BOLIVIA – LA PAZ,"JUAN VALDEZ CAFÉ BOLIVIA – LA PAZ, Suc. Torres Mall: Av. Arce, Plaza Isabel la Católica / Suc. San Miguel, San Jorge / San Miguel, La Paz, Bolivia",Cafetería – Cadena Internacional,San Jorge / San Miguel,La Paz
296,CLUB DE TENIS LA PAZ,"CLUB DE TENIS LA PAZ, Av. Arequipa N° 8450, La Florida / Los Pinos, Los Pinos, La Paz, Bolivia",Club Social-Deportivo con Restaurante,Los Pinos,La Paz
297,LA PAZ GOLF CLUB – MALLASILLA,"LA PAZ GOLF CLUB – MALLASILLA, Zona Mallasilla s/n, Mallasilla, La Paz, Bolivia",Club Deportivo con Restaurante y Salones,Mallasilla,La Paz
298,CLUB HÍPICO LOS SARGENTOS,"CLUB HÍPICO LOS SARGENTOS, Av. Los Sargentos N° 1000 esq. Av. Costanera, Bajo Llojeta, Obrajes / Costanera, La Paz, Bolivia",Club Deportivo-Social con Restaurante,Obrajes / Costanera,La Paz
299,CÍRCULO DE OFICIALES DEL EJÉRCITO (COE),"CÍRCULO DE OFICIALES DEL EJÉRCITO (COE), Calle 16 N° 2150, Calacoto, Calacoto, La Paz, Bolivia",Club Institucional con Salones,Calacoto,La Paz
300,CLUB ALEMÁN LA PAZ (DEUTSCHER KLUB),"CLUB ALEMÁN LA PAZ (DEUTSCHER KLUB), Av. Omar Torrijos N° 32, Achumani, Achumani, La Paz, Bolivia",Club Social con Restaurante,Achumani,La Paz
301,CLUB DE LA PAZ,"CLUB DE LA PAZ, Sede central: Av. Mcal. Santa Cruz esq. Camacho (sede deportiva: c. Los Tumbos N° 80, Auquisamaña), Centro, La Paz, Bolivia",Club Social Tradicional con Banquetes,Centro,La Paz
302,AUTOMÓVIL CLUB BOLIVIANO,"AUTOMÓVIL CLUB BOLIVIANO, C. Gral. Inofuentes N° 7823, calle 13 esq. Av. Ballivián, Calacoto, Calacoto, La Paz, Bolivia",Club Social,Calacoto,La Paz
303,NEWREST BOLIVIA SOPORTE SRL,"NEWREST BOLIVIA SOPORTE SRL, Km 11 Carr. al Norte, Parque Empresarial, Santa Cruz (opera campamentos del altiplano paceño), Santa Cruz (opera altiplano), Santa Cruz, Bolivia",Catering Minero / Aéreo / Remoto,Santa Cruz (opera altiplano),Santa Cruz
304,CATERING GF BOLIVIA,"CATERING GF BOLIVIA, Urb. Europa, c. Madrid N° 21, 8° Anillo, Santa Cruz (atiende campamentos de todo el país), Santa Cruz (opera nacional), Santa Cruz, Bolivia",Catering Minero / Hospitalario / Aéreo,Santa Cruz (opera nacional),Santa Cruz
305,EMSERSO SA,"EMSERSO SA, Santa Cruz (opera campamentos a nivel nacional), Santa Cruz, Bolivia",Catering de Campamentos,Santa Cruz,Santa Cruz
306,AURES EVENTOS,"AURES EVENTOS, Urb. Las Praderas, calle 1 N° 186, La Paz, Bolivia",Catering y Banquetes,La Paz,La Paz
307,PASIÓN CRIOLLA – HOTEL PANAMERICAN,"PASIÓN CRIOLLA – HOTEL PANAMERICAN, El Prado, Edif. 16 de Julio, Hotel Panamerican, Centro, La Paz, Bolivia",Restaurante con Catering,Centro,La Paz
308,COCINARTE CATERING & EVENTOS,"COCINARTE CATERING & EVENTOS, La Paz, La Paz, Bolivia",Catering Corporativo y Social,La Paz,La Paz
309,FRITOS LUCANA & PAPLUC,"FRITOS LUCANA & PAPLUC, Planta en La Paz, La Paz, Bolivia",Fábrica de Snacks / Papas Fritas,La Paz,La Paz
310,GENERAL SNACKS SRL,"GENERAL SNACKS SRL, Calle Ecuador N° 19, Zona Llontop, El Alto, Bolivia",Fábrica de Snacks,El Alto,El Alto
311,EMAPA – PLANTA PAPA EL ALTO (PAPAX CHIPS / RAPIDITAS),"EMAPA – PLANTA PAPA EL ALTO (PAPAX CHIPS / RAPIDITAS), Distrito 14, El Alto (puntos Súper EMAPA: Villa Tunari, Mcdo. Campesino, ex Tranca Río Seco), El Alto, Bolivia",Planta Estatal – Papas Chips y Prefritas,El Alto,El Alto
312,INDUSTRIAS KRAL SRL (KRAL / BRIXY),"INDUSTRIAS KRAL SRL (KRAL / BRIXY), Km 38 Carretera al Norte, Santa Cruz (distribución La Paz vía distribuidores), Santa Cruz, Bolivia",Fábrica de Salsas y Aderezos,Santa Cruz,Santa Cruz
313,PANIFICADORA SAN GABRIEL,"PANIFICADORA SAN GABRIEL, Planta: Av. Jaime Mendoza N° 1574, Charapaqui, El Alto, Bolivia",Panificadora Industrial,El Alto,El Alto
314,PASTELERÍA LA VICTORIA'S,"PASTELERÍA LA VICTORIA'S, Av. Arica N° 200, Zona Bolívar, El Alto, Bolivia",Pastelería-Panadería Industrial (varias suc.),El Alto,El Alto
315,ALIMENTOS PROCESADOS SANTIAGO SRL,"ALIMENTOS PROCESADOS SANTIAGO SRL, Av. Jaime Mendoza N° 1574, Charapaqui 1, El Alto, Bolivia",Panificadora Industrial,El Alto,El Alto
316,PAN CRIS SRL,"PAN CRIS SRL, Calle 103 N° 50, Villa Bolívar D, El Alto, Bolivia",Panificadora Industrial,El Alto,El Alto
317,POLLOS GUADALUPE – EL ALTO,"POLLOS GUADALUPE – EL ALTO, Terminal Metropolitana, Río Seco, El Alto, Bolivia",Broastería Grande,El Alto,El Alto
318,POLLOS PACHASS – EL ALTO,"POLLOS PACHASS – EL ALTO, El Alto, El Alto, Bolivia",Broastería,El Alto,El Alto
319,EMBUTIDOS LA ESPAÑOLA,"EMBUTIDOS LA ESPAÑOLA, Calle Goyzueta N° 572, La Paz, Bolivia",Fábrica de Embutidos,La Paz,La Paz
320,FRIDOSA – OFICINA LA PAZ,"FRIDOSA – OFICINA LA PAZ, Oficina LP: c. Landaeta N° 558 esq. Crespo, San Pedro, La Paz, Bolivia",Cárnicos / Hamburguesas / Food Service,San Pedro,La Paz
321,ADEREZO BOLIVIANO,"ADEREZO BOLIVIANO, Calle Lucas Jaimes N° 2022, Miraflores, La Paz, Bolivia",Mayorista de Especias y Condimentos,Miraflores,La Paz
322,CONDIBOL – CONDIMENTOS Y ESPECIAS,"CONDIBOL – CONDIMENTOS Y ESPECIAS, La Paz, La Paz, Bolivia",Comercio de Condimentos,La Paz,La Paz
323,IMPORTADORA RAMCES JY,"IMPORTADORA RAMCES JY, El Alto – La Paz, El Alto, Bolivia","Importadora de Especias (Canela, Clavo, Comino)",El Alto,El Alto
324,MAPRIAL SRL,"MAPRIAL SRL, Av. Perú N° 233, La Paz, Bolivia",Insumos para Industria Alimenticia,La Paz,La Paz
325,QUINTA SALUDABLE,"QUINTA SALUDABLE, La Paz, La Paz, Bolivia",Tienda de Especias y Hierbas con Delivery,La Paz,La Paz
326,HELADERÍAS BROSSO,"HELADERÍAS BROSSO, Central: Av. 16 de Julio N° 1473, El Prado (suc. Zona Sur: Av. Montenegro N° 1295), Centro / San Miguel, La Paz, Bolivia",Heladería – Cadena con Producción Propia,Centro / San Miguel,La Paz
327,FÁBRICA DE HELADOS FRIGO,"FÁBRICA DE HELADOS FRIGO, Av. Saavedra N° 1639, Miraflores, La Paz, Bolivia",Fábrica de Helados,Miraflores,La Paz
328,HELADERÍA SPLENDID SRL,"HELADERÍA SPLENDID SRL, Calle Nicolás Acosta N° 420, San Pedro, La Paz, Bolivia",Fábrica de Helados,San Pedro,La Paz
329,MANJAR DE ORO,"MANJAR DE ORO, Av. Montenegro N° 1140, San Miguel, La Paz, Bolivia",Heladería y Postres,San Miguel,La Paz
330,PA&PA – PROCESADORA ANDINA DE PAPA SRL,"PA&PA – PROCESADORA ANDINA DE PAPA SRL, Calle Hernán Cosío N° 111, Cochabamba (distribución La Paz), Cochabamba, Bolivia",Papas Prefritas Ultracongeladas,Cochabamba,Cochabamba
331,WISTUPIKU – EMPANADAS (6 PUNTOS LP/EA),"WISTUPIKU – EMPANADAS (6 PUNTOS LP/EA), Suc: Av. Saavedra 2202, Comercio 1057, Av. 20 de Octubre 2463, San Miguel c.21 N° 8475, Aeropuerto, Av. Satélite 724 El Alto, Miraflores / Centro / San Miguel / El Alto, La Paz, Bolivia",Empanadas y Masas – Cadena,Miraflores / Centro / San Miguel / El Alto,La Paz
332,PUNTO VERDE (NATURAL SRL),"PUNTO VERDE (NATURAL SRL), Planta Santa Cruz, distribución eje troncal, Santa Cruz, Bolivia",Frutas y Verduras Congeladas IQF,Santa Cruz,Santa Cruz
